<?xml version="1.0" encoding="UTF-8"?>
<cpe-list xmlns="http://cpe.mitre.org/dictionary/2.0"
          xmlns:xsi="http://www.w3.org/2001/XMLSchema-instance"
          xsi:schemaLocation="http://cpe.mitre.org/dictionary/2.0 http://cpe.mitre.org/files/cpe-dictionary_2.1.xsd">
      <cpe-item name="cpe:/o:redhat:enterprise_linux:5">
            <title xml:lang="en-us">Red Hat Enterprise Linux 6</title>
            <check system="http://oval.mitre.org/XMLSchema/oval-definitions-5" href="usgcb-rhel5desktop-cpe-oval.xml">oval:gov.nist.usgcb.rhel:def:10000</check>
      </cpe-item>
      <cpe-item name="cpe:/o:redhat:enterprise_linux:5::client">
            <title xml:lang="en-US">Red Hat Enterprise Linux Desktop (v.6 client)</title>
            <check system="http://oval.mitre.org/XMLSchema/oval-definitions-5" href="usgcb-rhel5desktop-cpe-oval.xml">oval:gov.nist.usgcb.rhel:def:30000</check>
      </cpe-item>
      <!--
      <cpe-item name="cpe:/o:redhat:enterprise_linux:5::client_workstation">
            <title xml:lang="en-US">Red Hat Enterprise Linux Desktop Workstation (v.6 client)</title>
            <check system="http://oval.mitre.org/XMLSchema/oval-definitions-5" href="usgcb-rhel5desktop-cpe-oval.xml">oval:gov.nist.usgcb.rhel:def:40000</check>
      </cpe-item>
		-->
</cpe-list>
